{
  "tables": [
    {
      "name": "books_test14",
      "columns": [
        {
          "name": "id",
          "data_type": {
            "Int": 10
          },
          "is_primary": true,
          "not_null": true
        },
        {
          "name": "name",
          "data_type": {
            "Varchar": 100
          },
          "is_primary": false,
          "not_null": false
        },
        {
          "name": "left_num",
          "data_type": {
            "Int": 10
          },
          "is_primary": false,
          "not_null": false
        },
        {
          "name": "discription",
          "data_type": {
            "Varchar": 150
          },
          "is_primary": false,
          "not_null": false
        },
        {
          "name": "price",
          "data_type": {
            "Int": 10
          },
          "is_primary": false,
          "not_null": true
        }
      ],
      "data": [
        [
          "1",
          "SETI",
          "",
          "Search for ET",
          "32"
        ],
        [
          "2",
          "Rust Porgraming",
          "23",
          "",
          "66"
        ]
      ]
    },
    {
      "name": "genres",
      "columns": [
        {
          "name": "id",
          "data_type": {
            "Int": 10
          },
          "is_primary": true,
          "not_null": true
        },
        {
          "name": "name",
          "data_type": {
            "Varchar": 100
          },
          "is_primary": false,
          "not_null": true
        }
      ],
      "data": [
        [
          "1",
          "Science Fiction"
        ],
        [
          "2",
          "Action"
        ]
      ]
    }
  ]
}